<?xml version='1.0' encoding='UTF-8' ?>
<schemas xmlns='http://xml.netbeans.org/schema/JAXBWizConfig' destdir='build/generated-sources/jaxb' projectName='TrabajoHibernate' version='1.0'>
	<schema type='-xmlschema' package='' name='JAXBClasses'>
		<xjc-options>
		</xjc-options>
		<schema-sources>
			<schema-source location='xml-resources/jaxb/JAXBClasses/Registro11.xsd' origLocation='src/trabajohibernate/Registro11.xsd'/>
		</schema-sources>
		<bindings>
		</bindings>
		<catalog/>
	</schema>
	<schema type='-xmlschema' package='' name='generated'>
		<xjc-options>
		</xjc-options>
		<schema-sources>
			<schema-source location='xml-resources/jaxb/generated/Registro11.xsd' origLocation='src/trabajohibernate/Registro11.xsd'/>
		</schema-sources>
		<bindings>
		</bindings>
		<catalog/>
	</schema>
</schemas>
