<?xml version="1.0" encoding="UTF-8"?>
<project-private xmlns="http://www.netbeans.org/ns/project-private/1">
    <editor-bookmarks xmlns="http://www.netbeans.org/ns/editor-bookmarks/2" lastBookmarkId="0"/>
    <open-files xmlns="http://www.netbeans.org/ns/projectui-open-files/2">
        <group>
            <file>file:/C:/Users/pjarana/Desktop/GitHub/TrabajoHibernate/TrabajoHibernate/src/trabajohibernate/Registro11.xml</file>
            <file>file:/C:/Users/pjarana/Desktop/GitHub/TrabajoHibernate/TrabajoHibernate/src/trabajohibernate/GestoraAsientos.java</file>
            <file>file:/C:/Users/pjarana/Desktop/GitHub/TrabajoHibernate/TrabajoHibernate/src/trabajohibernate/GestoraMain.java</file>
            <file>file:/C:/Users/pjarana/Desktop/GitHub/TrabajoHibernate/TrabajoHibernate/src/trabajohibernate/ManejadoraMatrimonios.java</file>
            <file>file:/C:/Users/pjarana/Desktop/GitHub/TrabajoHibernate/TrabajoHibernate/src/trabajohibernate/Main.java</file>
            <file>file:/C:/Users/pjarana/Desktop/GitHub/TrabajoHibernate/TrabajoHibernate/src/trabajohibernate/ManejadoraCiudadanes.java</file>
            <file>file:/C:/Users/pjarana/Desktop/GitHub/TrabajoHibernate/TrabajoHibernate/src/trabajohibernate/LogIncidencia.java</file>
        </group>
    </open-files>
</project-private>
